name,label
camp_nou/00000004.jpg,camp_nou
camp_nou/00000005.jpg,camp_nou
camp_nou/00000000.jpg,camp_nou
camp_nou/00000006.jpg,camp_nou
camp_nou/00000002.jpg,camp_nou
camp_nou/00000007.jpg,camp_nou
camp_nou/00000001.jpg,camp_nou
camp_nou/00000003.jpg,camp_nou
camp_nou/00000008.jpg,camp_nou
camp_nou/00000010.jpg,camp_nou
camp_nou/00000009.jpg,camp_nou
camp_nou/00000013.jpg,camp_nou
camp_nou/00000017.jpg,camp_nou
camp_nou/00000015.jpg,camp_nou
camp_nou/00000012.jpg,camp_nou
camp_nou/00000016.jpg,camp_nou
camp_nou/00000011.jpg,camp_nou
camp_nou/00000019.jpg,camp_nou
camp_nou/00000014.jpg,camp_nou
camp_nou/00000018.jpg,camp_nou
camp_nou/00000020.jpg,camp_nou
camp_nou/00000021.jpg,camp_nou
camp_nou/00000023.jpg,camp_nou
camp_nou/00000022.jpg,camp_nou
camp_nou/00000025.jpg,camp_nou
camp_nou/00000024.jpg,camp_nou
camp_nou/00000027.jpg,camp_nou
camp_nou/00000026.jpg,camp_nou
camp_nou/00000029.jpg,camp_nou
camp_nou/00000028.jpg,camp_nou
camp_nou/00000030.jpg,camp_nou
camp_nou/00000031.jpg,camp_nou
camp_nou/00000032.jpg,camp_nou
camp_nou/00000033.jpg,camp_nou
camp_nou/00000035.jpg,camp_nou
camp_nou/00000034.jpg,camp_nou
camp_nou/00000036.jpg,camp_nou
camp_nou/00000037.jpg,camp_nou
camp_nou/00000038.jpg,camp_nou
camp_nou/00000039.jpg,camp_nou
camp_nou/00000040.jpg,camp_nou
camp_nou/00000041.jpg,camp_nou
camp_nou/00000043.jpg,camp_nou
camp_nou/00000044.jpg,camp_nou
camp_nou/00000046.jpg,camp_nou
camp_nou/00000042.jpg,camp_nou
camp_nou/00000045.jpg,camp_nou
camp_nou/00000047.jpg,camp_nou
camp_nou/00000048.jpg,camp_nou
camp_nou/00000050.jpg,camp_nou
camp_nou/00000051.jpg,camp_nou
camp_nou/00000054.jpg,camp_nou
camp_nou/00000053.jpg,camp_nou
camp_nou/00000055.jpg,camp_nou
camp_nou/00000052.jpg,camp_nou
camp_nou/00000056.jpg,camp_nou
camp_nou/00000049.jpg,camp_nou
camp_nou/00000057.jpg,camp_nou
camp_nou/00000058.jpg,camp_nou
camp_nou/00000062.jpg,camp_nou
camp_nou/00000059.jpg,camp_nou
camp_nou/00000060.jpg,camp_nou
camp_nou/00000061.jpg,camp_nou
camp_nou/00000064.jpg,camp_nou
camp_nou/00000065.jpg,camp_nou
camp_nou/00000063.jpg,camp_nou
camp_nou/00000066.jpg,camp_nou
camp_nou/00000067.jpg,camp_nou
camp_nou/00000068.jpg,camp_nou
camp_nou/00000069.jpg,camp_nou
camp_nou/00000070.jpg,camp_nou
camp_nou/00000071.jpg,camp_nou
camp_nou/00000072.jpg,camp_nou
camp_nou/00000074.jpg,camp_nou
camp_nou/00000077.jpg,camp_nou
camp_nou/00000075.jpg,camp_nou
camp_nou/00000073.jpg,camp_nou
camp_nou/00000076.jpg,camp_nou
camp_nou/00000078.jpg,camp_nou
camp_nou/00000079.jpg,camp_nou
camp_nou/00000080.jpg,camp_nou
camp_nou/00000081.jpg,camp_nou
camp_nou/00000083.jpg,camp_nou
camp_nou/00000082.jpg,camp_nou
camp_nou/00000084.jpg,camp_nou
camp_nou/00000086.jpg,camp_nou
camp_nou/00000085.jpg,camp_nou
camp_nou/00000088.jpg,camp_nou
camp_nou/00000087.jpg,camp_nou
camp_nou/00000089.jpg,camp_nou
camp_nou/00000090.jpg,camp_nou
camp_nou/00000091.jpg,camp_nou
camp_nou/00000092.jpg,camp_nou
camp_nou/00000096.jpg,camp_nou
camp_nou/00000097.jpg,camp_nou
camp_nou/00000095.jpg,camp_nou
camp_nou/00000093.jpg,camp_nou
camp_nou/00000094.jpg,camp_nou
camp_nou/00000098.jpg,camp_nou
camp_nou/00000099.jpg,camp_nou
santiago_bernabeu/00000000.jpg,santiago_bernabeu
santiago_bernabeu/00000005.jpg,santiago_bernabeu
santiago_bernabeu/00000002.jpg,santiago_bernabeu
santiago_bernabeu/00000007.jpg,santiago_bernabeu
santiago_bernabeu/00000004.jpg,santiago_bernabeu
santiago_bernabeu/00000001.jpg,santiago_bernabeu
santiago_bernabeu/00000003.jpg,santiago_bernabeu
santiago_bernabeu/00000006.jpg,santiago_bernabeu
santiago_bernabeu/00000008.jpg,santiago_bernabeu
santiago_bernabeu/00000009.jpg,santiago_bernabeu
santiago_bernabeu/00000013.jpg,santiago_bernabeu
santiago_bernabeu/00000016.jpg,santiago_bernabeu
santiago_bernabeu/00000010.jpg,santiago_bernabeu
santiago_bernabeu/00000015.jpg,santiago_bernabeu
santiago_bernabeu/00000011.jpg,santiago_bernabeu
santiago_bernabeu/00000012.jpg,santiago_bernabeu
santiago_bernabeu/00000014.jpg,santiago_bernabeu
santiago_bernabeu/00000017.jpg,santiago_bernabeu
santiago_bernabeu/00000018.jpg,santiago_bernabeu
santiago_bernabeu/00000022.jpg,santiago_bernabeu
santiago_bernabeu/00000020.jpg,santiago_bernabeu
santiago_bernabeu/00000023.jpg,santiago_bernabeu
santiago_bernabeu/00000019.jpg,santiago_bernabeu
santiago_bernabeu/00000021.jpg,santiago_bernabeu
santiago_bernabeu/00000024.jpg,santiago_bernabeu
santiago_bernabeu/00000025.jpg,santiago_bernabeu
santiago_bernabeu/00000026.jpg,santiago_bernabeu
santiago_bernabeu/00000027.jpg,santiago_bernabeu
santiago_bernabeu/00000028.jpg,santiago_bernabeu
santiago_bernabeu/00000029.jpg,santiago_bernabeu
santiago_bernabeu/00000030.jpg,santiago_bernabeu
santiago_bernabeu/00000032.jpg,santiago_bernabeu
santiago_bernabeu/00000031.jpg,santiago_bernabeu
santiago_bernabeu/00000033.jpg,santiago_bernabeu
santiago_bernabeu/00000034.jpg,santiago_bernabeu
santiago_bernabeu/00000035.jpg,santiago_bernabeu
santiago_bernabeu/00000036.jpg,santiago_bernabeu
santiago_bernabeu/00000037.jpg,santiago_bernabeu
santiago_bernabeu/00000038.jpg,santiago_bernabeu
santiago_bernabeu/00000040.jpg,santiago_bernabeu
santiago_bernabeu/00000039.jpg,santiago_bernabeu
santiago_bernabeu/00000042.jpg,santiago_bernabeu
santiago_bernabeu/00000041.jpg,santiago_bernabeu
santiago_bernabeu/00000043.jpg,santiago_bernabeu
santiago_bernabeu/00000044.jpg,santiago_bernabeu
santiago_bernabeu/00000045.jpg,santiago_bernabeu
santiago_bernabeu/00000046.jpg,santiago_bernabeu
santiago_bernabeu/00000048.jpg,santiago_bernabeu
santiago_bernabeu/00000047.jpg,santiago_bernabeu
santiago_bernabeu/00000049.jpg,santiago_bernabeu
santiago_bernabeu/00000050.jpg,santiago_bernabeu
santiago_bernabeu/00000051.jpg,santiago_bernabeu
santiago_bernabeu/00000052.jpg,santiago_bernabeu
santiago_bernabeu/00000053.jpg,santiago_bernabeu
santiago_bernabeu/00000054.jpg,santiago_bernabeu
santiago_bernabeu/00000055.jpg,santiago_bernabeu
santiago_bernabeu/00000056.jpg,santiago_bernabeu
santiago_bernabeu/00000057.jpg,santiago_bernabeu
santiago_bernabeu/00000058.jpg,santiago_bernabeu
santiago_bernabeu/00000060.jpg,santiago_bernabeu
santiago_bernabeu/00000059.jpg,santiago_bernabeu
santiago_bernabeu/00000061.jpg,santiago_bernabeu
santiago_bernabeu/00000062.jpg,santiago_bernabeu
santiago_bernabeu/00000064.jpg,santiago_bernabeu
santiago_bernabeu/00000065.jpg,santiago_bernabeu
santiago_bernabeu/00000067.jpg,santiago_bernabeu
santiago_bernabeu/00000063.jpg,santiago_bernabeu
santiago_bernabeu/00000068.jpg,santiago_bernabeu
santiago_bernabeu/00000069.jpg,santiago_bernabeu
santiago_bernabeu/00000071.jpg,santiago_bernabeu
santiago_bernabeu/00000066.jpg,santiago_bernabeu
santiago_bernabeu/00000070.jpg,santiago_bernabeu
santiago_bernabeu/00000074.jpg,santiago_bernabeu
santiago_bernabeu/00000072.jpg,santiago_bernabeu
santiago_bernabeu/00000075.jpg,santiago_bernabeu
santiago_bernabeu/00000073.jpg,santiago_bernabeu
santiago_bernabeu/00000077.jpg,santiago_bernabeu
santiago_bernabeu/00000078.jpg,santiago_bernabeu
santiago_bernabeu/00000079.jpg,santiago_bernabeu
santiago_bernabeu/00000081.jpg,santiago_bernabeu
santiago_bernabeu/00000080.jpg,santiago_bernabeu
santiago_bernabeu/00000082.jpg,santiago_bernabeu
santiago_bernabeu/00000083.jpg,santiago_bernabeu
santiago_bernabeu/00000084.jpg,santiago_bernabeu
santiago_bernabeu/00000086.jpg,santiago_bernabeu
santiago_bernabeu/00000085.jpg,santiago_bernabeu
santiago_bernabeu/00000088.jpg,santiago_bernabeu
santiago_bernabeu/00000087.jpg,santiago_bernabeu
santiago_bernabeu/00000091.jpg,santiago_bernabeu
santiago_bernabeu/00000094.jpg,santiago_bernabeu
santiago_bernabeu/00000092.jpg,santiago_bernabeu
santiago_bernabeu/00000093.jpg,santiago_bernabeu
santiago_bernabeu/00000089.jpg,santiago_bernabeu
santiago_bernabeu/00000096.jpg,santiago_bernabeu
santiago_bernabeu/00000090.jpg,santiago_bernabeu
santiago_bernabeu/00000097.jpg,santiago_bernabeu
santiago_bernabeu/00000099.jpg,santiago_bernabeu
santiago_bernabeu/00000098.jpg,santiago_bernabeu
santiago_bernabeu/00000095.jpg,santiago_bernabeu
santiago_bernabeu/00000076.jpg,santiago_bernabeu
